id,name,description,assignedto,duedate,status
1,Fa jer,Singing contest,Anson Loo,29/5/2021,Pending
2,Fa jer,Adv. shooting,Jer Lai,29/5/2021,Confirmed
3,Fa jer,MV shooting,Keung Too,29/5/2021,Pending
4,Fa jer,Photo shooting,Error,29/5/2021,Confirmed
5,Fa jer,MV Shooting,Dee Gor,29/5/2021,Pending
6,Fa jer,TV Show,Fat boy,29/5/2021,Updated

testing,dsa,dsad,sa,2021-05-04,Confirmed
testing,ddd,ddd,ddd,2021-05-04,Pending
testing,dddd,ddd,uuuu,2021-05-20,Pending
testing,ssss,ssss,sssss,2021-05-05,Confirmed
testing,ffff,fffff,fffff,2021-05-17,Pending
testing,qqq,qqqqqq,qqqqq,2021-05-13,Confirmed